{"Top Ten":{"Driving Distance":309.4777777778,"Driving Accuracy Percentage":58.3588888889,"Greens in Regulation Percentage":70.0855555556,"Putts Per Round":26.1277777778,"Rough Tendency":30.4477777778,"Scrambling":63.5788888889,"Proximity to Hole":38.01851852,"Approaches from inside 100 yards":16.2037037033,"Approaches from > 100 yards":33.50925926,"Sand Save Percentage":44.8633333333,"RK":5.4444444444},"11-25":{"Driving Distance":304.05,"Driving Accuracy Percentage":60.4557142857,"Greens in Regulation Percentage":68.1271428571,"Putts Per Round":28.9042857143,"Rough Tendency":27.2828571429,"Scrambling":62.5642857143,"Proximity to Hole":38.2023809521,"Approaches from inside 100 yards":18.4047619064,"Approaches from > 100 yards":33.5535714279,"Sand Save Percentage":55.5407142857,"RK":17.5},"26-50":{"Driving Distance":297.7,"Driving Accuracy Percentage":61.9168421053,"Greens in Regulation Percentage":68.0110526316,"Putts Per Round":28.9042105263,"Rough Tendency":26.9736842105,"Scrambling":61.7152631579,"Proximity to Hole":38.2763157884,"Approaches from inside 100 yards":16.7061403505,"Approaches from > 100 yards":34.8201754395,"Sand Save Percentage":52.8247368421,"RK":37.3684210526},"51-100":{"Driving Distance":300.1,"Driving Accuracy Percentage":58.099,"Greens in Regulation Percentage":67.335,"Putts Per Round":27.8493333333,"Rough Tendency":30.671,"Scrambling":62.1526666667,"Proximity to Hole":38.2555555553,"Approaches from inside 100 yards":17.808333333,"Approaches from > 100 yards":34.2194444443,"Sand Save Percentage":50.0294444444,"RK":71.9333333333},"Over 100":{"Driving Distance":297.9088888889,"Driving Accuracy Percentage":58.9733333333,"Greens in Regulation Percentage":67.4275555556,"Putts Per Round":29.0517777778,"Rough Tendency":31.192,"Scrambling":59.1704444444,"Proximity to Hole":37.7500000004,"Approaches from inside 100 yards":17.553703704,"Approaches from > 100 yards":33.9499999996,"Sand Save Percentage":51.6428888889,"RK":142.3333333333}}